Очередность,Название
1,Ливенхаус
2,HemoTech AI
3,Яглион
4,Рапид БИО
5,Реатех
6,Эвипатч
7,Карфидов Лаб
8,Гистографт
9,MedVR
10,Colltech
11,Tongo-test
12,ELVIS
13,VisioMed.AI
14,Фитполис
15,ПептиГен
16,Бетувакс
17,Neem Healbe
18,Цифровой двойник сердца
19,Polyptron.ai
20,"Медицинские коммуникации 
"
21,XpressCBC
22,Эталон
23,Интеллектуальные Стройрешения
24,ОДК
25,ЛЮФТЭРА
26,BIMAR SYSTEM
27,ИНЖИНИРИНГ+
28,Магнетпатч
29,MapLab
30,Planex
31,Вирсайн
32,ADCM Robotics Platform
33,Биометриклабс
34,Axis
35,РЕГЕНТ
36,Город инноваций
37,Геопейджер
38,Сетирайс
39,Careta.tech
40,Цифровой инспектор
41,Garpix
42,Electica Energy
43,Astramis
44,АГРОБИТ
45,СМП РОБОТИКС
46,Кримсон-роботикс
47,Робком
48,Айдол
49,Циклоп
50,DataVision
51,SmartPicks
52,Visrobo Navigation
53,ОМДЖЕТ
54,"Aiolos Bridge
"
55,ФРЕЗЕ
56,Kinetronika
57,Statanly Technologies
58,Нейрокод
59,PewCB
60,Эколибри
61,LiboScience
62,Простые коммуникации
63,IRVIS
64,HiveTrace
65,"RoboTestSystems
"
66,Автоматизированные решения
67,Группа компаний Профпасс
68,Black Rays
69,НПО ВАРЯ
70,Тефра аудио
71,Сенсэйр
72,ЦИНТЕРА
73,MechBox
74,RobotFightClub
75,Рубрик
76,История Live
77,ONETWO
78,trendsee
79,Stellar wave
80,AB6 ROBOTICS
81,WEGOSTY
82,Ориент Системс
83,Степень свободы
84,Рестфотоаналитика
85,ГРИНБАР
86,СИЛК
87,Агроинтеллект
88,КЛИМБИОТЕХ
89,Agronic
90,Пластилин
91,Умное сельское хозяйство
92,Кропфлит Роботикс
93,НовБиотех
94,Аллойтек
95,eVerse.AI
96,AGAVITA
97,CropGen
