,Название,Год основания
,Ливенхаус,2020
,HemoTech AI,2023
,Яглион,2024
,Рапид БИО,2020
,Реатех,2024
,Эвипатч,2024
,Карфидов Лаб,2014
,Гистографт,2024
,MedVR,2018
,Colltech,2025
,Tongo-test,2024
,ELVIS,2024
,VisioMed.AI,2024
,Фитполис,2021
,ПептиГен,2022
,Бетувакс,2024
,Neem Healbe,2012
,Цифровой двойник сердца,
,Polyptron.ai,2021
,"Медицинские коммуникации 
",2026
,XpressCBC,2025
,Эталон,2022
,Интеллектуальные Стройрешения,2024
,ОДК,2010
,ЛЮФТЭРА,2017
,BIMAR SYSTEM,2012
,ИНЖИНИРИНГ+,2017
,Магнетпатч,2020
,MapLab,2024
,Planex,2020
,Вирсайн,2021
,ADCM Robotics Platform,2020
,Биометриклабс,2020
,Axis,2025
,РЕГЕНТ,
,Город инноваций,2024
,Геопейджер,2024
,Сетирайс,2023
,Careta.tech,2024
,Цифровой инспектор,2024
,Garpix,2011
,Electica Energy,2022
,Astramis,2025
,АГРОБИТ,2019
,СМП РОБОТИКС,2012
,Кримсон-роботикс,2025
,Робком,2023
,Айдол,2025
,Циклоп,2022
,DataVision,2019
,SmartPicks,2010
,Visrobo Navigation,2021
,ОМДЖЕТ,2025
,"Aiolos Bridge
",2023
,ФРЕЗЕ,2023
,Kinetronika,
,Statanly Technologies,2023
,Нейрокод,
,PewCB,2021
,Эколибри,2021
,LiboScience,
,Простые коммуникации,2013
,IRVIS,2024
,HiveTrace,2025
,"RoboTestSystems
",2024
,Автоматизированные решения,2022
,Группа компаний Профпасс,2023
,Black Rays,2015
,НПО ВАРЯ,2016
,Тефра аудио,2020
,Сенсэйр,2023
,ЦИНТЕРА,2019
,MechBox,
,RobotFightClub,2023
,Рубрик,2023
,История Live,
,ONETWO,2019
,trendsee,2024
,Stellar wave,
,AB6 ROBOTICS,
,WEGOSTY,2025
,Ориент Системс,2014
,Степень свободы,2014
,Рестфотоаналитика,2022
,ГРИНБАР,2020
,СИЛК,2021
,Агроинтеллект,2021
,КЛИМБИОТЕХ,2024
,Agronic,2024
,Пластилин,2021
,Умное сельское хозяйство,2022
,Кропфлит Роботикс,
,НовБиотех,2020
,Аллойтек,
,eVerse.AI,2022
,AGAVITA,
,CropGen,